{"cameraMode":{"drawMode":0,"name":"Shaded","section":"Shading Mode"},"sceneLighting":true,"audioPlay":false,"sceneViewState":{"showFog":true,"showMaterialUpdate":false,"showSkybox":true,"showFlares":true,"showImageEffects":true,"showParticleSystems":true},"in2DMode":false,"pivot":{"x":2.2654919624328615,"y":0.1779642105102539,"z":6.075900077819824},"rotation":{"x":-0.1405387967824936,"y":-0.06470482796430588,"z":0.009204789064824582,"w":-0.9879163503646851},"size":6.954590797424316,"orthographic":false}