{"cameraMode":{"drawMode":0,"name":"Shaded","section":"Shading Mode"},"sceneLighting":false,"audioPlay":false,"sceneViewState":{"showFog":true,"showMaterialUpdate":false,"showSkybox":false,"showFlares":true,"showImageEffects":true,"showParticleSystems":true},"in2DMode":false,"pivot":{"x":-5.0893940925598148,"y":1.053830623626709,"z":7.765032768249512},"rotation":{"x":-0.10753065347671509,"y":0.10181813687086106,"z":-0.011077197268605233,"w":-0.9889197945594788},"size":8.258417129516602,"orthographic":false}