{"cameraMode":{"drawMode":0,"name":"Shaded","section":"Shading Mode"},"sceneLighting":false,"audioPlay":false,"sceneViewState":{"showFog":true,"showMaterialUpdate":false,"showSkybox":false,"showFlares":true,"showImageEffects":true,"showParticleSystems":true},"in2DMode":false,"pivot":{"x":-5.674356460571289,"y":-2.781270980834961,"z":2.7998263835906984},"rotation":{"x":-0.3711519241333008,"y":0.6091355681419373,"z":-0.38684800267219546,"w":-0.5844289660453796},"size":8.182828903198243,"orthographic":false}