{"cameraMode":{"drawMode":0,"name":"Shaded","section":"Shading Mode"},"sceneLighting":false,"audioPlay":false,"sceneViewState":{"showFog":true,"showMaterialUpdate":false,"showSkybox":false,"showFlares":true,"showImageEffects":true,"showParticleSystems":true},"in2DMode":false,"pivot":{"x":-4.3909220695495609,"y":-2.513035297393799,"z":10.238004684448243},"rotation":{"x":-0.22468122839927674,"y":-0.04033419489860535,"z":0.009291686117649079,"w":-0.9735641479492188},"size":8.07392692565918,"orthographic":false}