{"cameraMode":{"drawMode":0,"name":"Shaded","section":"Shading Mode"},"sceneLighting":false,"audioPlay":false,"sceneViewState":{"showFog":true,"showMaterialUpdate":false,"showSkybox":false,"showFlares":true,"showImageEffects":true,"showParticleSystems":true},"in2DMode":false,"pivot":{"x":2.0033531188964845,"y":-0.9504251480102539,"z":14.234634399414063},"rotation":{"x":-0.4401531517505646,"y":0.3699987828731537,"z":-0.20565678179264069,"w":-0.791881799697876},"size":8.77939224243164,"orthographic":false}