{"cameraMode":{"drawMode":0,"name":"Shaded","section":"Shading Mode"},"sceneLighting":false,"audioPlay":false,"sceneViewState":{"showFog":true,"showMaterialUpdate":false,"showSkybox":false,"showFlares":true,"showImageEffects":true,"showParticleSystems":true},"in2DMode":false,"pivot":{"x":-3.179616928100586,"y":-1.803140640258789,"z":6.0457963943481449},"rotation":{"x":0.28381606936454775,"y":0.670640230178833,"z":-0.3118886649608612,"w":0.6102681159973145},"size":8.11359977722168,"orthographic":false}