{"cameraMode":{"drawMode":0,"name":"Shaded","section":"Shading Mode"},"sceneLighting":false,"audioPlay":false,"sceneViewState":{"showFog":true,"showMaterialUpdate":false,"showSkybox":false,"showFlares":true,"showImageEffects":true,"showParticleSystems":true},"in2DMode":false,"pivot":{"x":-7.655352592468262,"y":2.6499767303466799,"z":2.268584728240967},"rotation":{"x":-0.4022468626499176,"y":0.036232177168130878,"z":-0.015951190143823625,"w":-0.914686381816864},"size":5.715521335601807,"orthographic":false}