{"cameraMode":{"drawMode":0,"name":"Shaded","section":"Shading Mode"},"sceneLighting":false,"audioPlay":false,"sceneViewState":{"showFog":true,"showMaterialUpdate":false,"showSkybox":false,"showFlares":true,"showImageEffects":true,"showParticleSystems":true},"in2DMode":false,"pivot":{"x":-6.040060043334961,"y":-4.510608673095703,"z":5.017121315002441},"rotation":{"x":-0.33434051275253298,"y":0.6415805220603943,"z":-0.36676329374313357,"w":-0.5848830938339233},"size":8.538528442382813,"orthographic":false}