{"cameraMode":{"drawMode":0,"name":"Shaded","section":"Shading Mode"},"sceneLighting":false,"audioPlay":false,"sceneViewState":{"showFog":true,"showMaterialUpdate":false,"showSkybox":false,"showFlares":true,"showImageEffects":true,"showParticleSystems":true},"in2DMode":false,"pivot":{"x":-2.6551895141601564,"y":-1.3580437898635865,"z":4.184915542602539},"rotation":{"x":0.12635669112205506,"y":0.8343140482902527,"z":-0.21427853405475617,"w":0.4919774532318115},"size":8.573214530944825,"orthographic":false}