{"cameraMode":{"drawMode":0,"name":"Shaded","section":"Shading Mode"},"sceneLighting":false,"audioPlay":false,"sceneViewState":{"showFog":true,"showMaterialUpdate":false,"showSkybox":false,"showFlares":true,"showImageEffects":true,"showParticleSystems":true},"in2DMode":false,"pivot":{"x":0.0,"y":113.34956359863281,"z":161.246826171875},"rotation":{"x":0.06027161702513695,"y":-0.007490798365324736,"z":0.0004516836197581142,"w":0.998155951499939},"size":1098.7625732421875,"orthographic":false}