{"cameraMode":{"drawMode":0,"name":"Shaded","section":"Shading Mode"},"sceneLighting":false,"audioPlay":false,"sceneViewState":{"showFog":true,"showMaterialUpdate":false,"showSkybox":false,"showFlares":true,"showImageEffects":true,"showParticleSystems":true},"in2DMode":false,"pivot":{"x":-10.803267478942871,"y":5.574492454528809,"z":91.91055297851563},"rotation":{"x":0.03948097676038742,"y":0.9449649453163147,"z":-0.12431903928518295,"w":0.300078421831131},"size":6.958571434020996,"orthographic":false}