{"cameraMode":{"drawMode":0,"name":"Shaded","section":"Shading Mode"},"sceneLighting":false,"audioPlay":false,"sceneViewState":{"showFog":true,"showMaterialUpdate":false,"showSkybox":false,"showFlares":true,"showImageEffects":true,"showParticleSystems":true},"in2DMode":false,"pivot":{"x":-4.321173667907715,"y":2.0647783279418947,"z":5.038455486297607},"rotation":{"x":0.48331335186958315,"y":-0.126241534948349,"z":0.07068200409412384,"w":0.8634275794029236},"size":6.1341400146484379,"orthographic":false}