{"cameraMode":{"drawMode":0,"name":"Shaded","section":"Shading Mode"},"sceneLighting":false,"audioPlay":false,"sceneViewState":{"showFog":true,"showMaterialUpdate":false,"showSkybox":false,"showFlares":true,"showImageEffects":true,"showParticleSystems":true},"in2DMode":false,"pivot":{"x":-22.92972755432129,"y":16.057151794433595,"z":172.86546325683595},"rotation":{"x":0.05461054667830467,"y":0.46648108959198,"z":-0.02886640653014183,"w":0.8823824524879456},"size":6.454657554626465,"orthographic":false}