{"cameraMode":{"drawMode":0,"name":"Shaded","section":"Shading Mode"},"sceneLighting":false,"audioPlay":false,"sceneViewState":{"showFog":true,"showMaterialUpdate":false,"showSkybox":false,"showFlares":true,"showImageEffects":true,"showParticleSystems":true},"in2DMode":false,"pivot":{"x":-4.319304466247559,"y":0.7353305816650391,"z":4.226449012756348},"rotation":{"x":0.5207641124725342,"y":-0.061083778738975528,"z":0.037409719079732898,"w":0.8507093191146851},"size":7.735297679901123,"orthographic":false}