{"cameraMode":{"drawMode":0,"name":"Shaded","section":"Shading Mode"},"sceneLighting":false,"audioPlay":false,"sceneViewState":{"showFog":true,"showMaterialUpdate":false,"showSkybox":false,"showFlares":true,"showImageEffects":true,"showParticleSystems":true},"in2DMode":false,"pivot":{"x":-9.393000602722168,"y":6.0755157470703129,"z":113.94133758544922},"rotation":{"x":0.20233429968357087,"y":0.049915753304958346,"z":-0.010327017866075039,"w":0.9779897332191467},"size":4.834057331085205,"orthographic":false}