{"cameraMode":{"drawMode":0,"name":"Shaded","section":"Shading Mode"},"sceneLighting":false,"audioPlay":false,"sceneViewState":{"showFog":true,"showMaterialUpdate":false,"showSkybox":false,"showFlares":true,"showImageEffects":true,"showParticleSystems":true},"in2DMode":false,"pivot":{"x":-7.539284706115723,"y":0.03043365478515625,"z":5.525771141052246},"rotation":{"x":-0.26324233412742617,"y":-0.21285729110240937,"z":0.05966883897781372,"w":-0.9390618801116943},"size":8.573214530944825,"orthographic":false}