{"cameraMode":{"drawMode":0,"name":"Shaded","section":"Shading Mode"},"sceneLighting":false,"audioPlay":false,"sceneViewState":{"showFog":true,"showMaterialUpdate":false,"showSkybox":false,"showFlares":true,"showImageEffects":true,"showParticleSystems":true},"in2DMode":false,"pivot":{"x":-4.827846527099609,"y":0.8229560852050781,"z":5.923566818237305},"rotation":{"x":-0.17376987636089326,"y":-0.6400615572929382,"z":0.1517641544342041,"w":-0.7328676581382752},"size":8.182828903198243,"orthographic":false}