{"cameraMode":{"drawMode":0,"name":"Shaded","section":"Shading Mode"},"sceneLighting":true,"audioPlay":false,"sceneViewState":{"showFog":true,"showMaterialUpdate":false,"showSkybox":true,"showFlares":true,"showImageEffects":true,"showParticleSystems":true},"in2DMode":false,"pivot":{"x":1.8624701499938965,"y":1.7736310958862305,"z":10.59912395477295},"rotation":{"x":-0.227194681763649,"y":0.13013426959514619,"z":-0.030650261789560319,"w":-0.9646302461624146},"size":9.955594062805176,"orthographic":false}