{"cameraMode":{"drawMode":0,"name":"Shaded","section":"Shading Mode"},"sceneLighting":false,"audioPlay":false,"sceneViewState":{"showFog":true,"showMaterialUpdate":false,"showSkybox":false,"showFlares":true,"showImageEffects":true,"showParticleSystems":true},"in2DMode":false,"pivot":{"x":-3.417281150817871,"y":-0.5433130264282227,"z":7.063880920410156},"rotation":{"x":-0.22525587677955628,"y":-0.647205114364624,"z":0.20896689593791963,"w":-0.6976537704467773},"size":7.735297679901123,"orthographic":false}