{"cameraMode":{"drawMode":0,"name":"Shaded","section":"Shading Mode"},"sceneLighting":false,"audioPlay":false,"sceneViewState":{"showFog":true,"showMaterialUpdate":false,"showSkybox":false,"showFlares":true,"showImageEffects":true,"showParticleSystems":true},"in2DMode":false,"pivot":{"x":-5.401095390319824,"y":-0.2555379867553711,"z":6.548614501953125},"rotation":{"x":-0.27057164907455447,"y":-0.3953395187854767,"z":0.12307696044445038,"w":-0.8691099286079407},"size":8.573214530944825,"orthographic":false}