{"cameraMode":{"drawMode":0,"name":"Shaded","section":"Shading Mode"},"sceneLighting":false,"audioPlay":false,"sceneViewState":{"showFog":true,"showMaterialUpdate":false,"showSkybox":false,"showFlares":true,"showImageEffects":true,"showParticleSystems":true},"in2DMode":false,"pivot":{"x":-5.209596633911133,"y":1.325833797454834,"z":-459.2613525390625},"rotation":{"x":-0.19163286685943604,"y":0.1952371895313263,"z":-0.0389237217605114,"w":-0.9610987305641174},"size":2.442628860473633,"orthographic":false}