{"cameraMode":{"drawMode":0,"name":"Shaded","section":"Shading Mode"},"sceneLighting":false,"audioPlay":false,"sceneViewState":{"showFog":true,"showMaterialUpdate":false,"showSkybox":false,"showFlares":true,"showImageEffects":true,"showParticleSystems":true},"in2DMode":false,"pivot":{"x":-0.7700806856155396,"y":11.327752113342286,"z":-499.73614501953127},"rotation":{"x":0.18399161100387574,"y":-0.06040927395224571,"z":0.01132912002503872,"w":0.9810144305229187},"size":0.8660253882408142,"orthographic":false}