{"cameraMode":{"drawMode":0,"name":"Shaded","section":"Shading Mode"},"sceneLighting":false,"audioPlay":false,"sceneViewState":{"showFog":true,"showMaterialUpdate":false,"showSkybox":false,"showFlares":true,"showImageEffects":true,"showParticleSystems":true},"in2DMode":false,"pivot":{"x":12.971712112426758,"y":9.11510944366455,"z":2.216644287109375},"rotation":{"x":0.2064041793346405,"y":0.004402434453368187,"z":-0.0009289990412071347,"w":0.9784661531448364},"size":0.8660253882408142,"orthographic":false}